<?xml version="1.0" encoding="UTF-8"?>
<project-private xmlns="http://www.netbeans.org/ns/project-private/1">
    <editor-bookmarks xmlns="http://www.netbeans.org/ns/editor-bookmarks/2" lastBookmarkId="0"/>
    <open-files xmlns="http://www.netbeans.org/ns/projectui-open-files/2">
        <group>
            <file>file:/C:/Users/herre/Desktop/Proyectos_Edd/EDD_PROYECTO_FASE1_201900716/%5BEDD%5DPROYECTO_FASE3_201900716/Proyecto3_EDD/src/Estructuras/TablaHash.java</file>
            <file>file:/C:/Users/herre/Desktop/Proyectos_Edd/EDD_PROYECTO_FASE1_201900716/%5BEDD%5DPROYECTO_FASE3_201900716/Proyecto3_EDD/src/proyecto3_edd/Proyecto3_EDD.java</file>
            <file>file:/C:/Users/herre/Desktop/Proyectos_Edd/EDD_PROYECTO_FASE1_201900716/%5BEDD%5DPROYECTO_FASE3_201900716/Proyecto3_EDD/src/Estructuras/NodoHash.java</file>
        </group>
    </open-files>
</project-private>
